364446,cggaagagcatctggcatttcaatcagggcagttccccataggaagagccttatgcaaactgccaacgccgcagacactcctcgtgtctgcggattacgg
400164,tctcctagtcttgatattgacctgggcactccgggcggtgagcgaacgtaaaaccagatacgagcaatacgaagatgtgtcaccctaactgggactgcta
402722,tagagttatcgcgtgtcaactgaagccgaccggaatcttcactggaccgtctatagggtttaatgagggtatcagcgatgaggcacagcactgtttactc
430012,tggagcgcagacgaatctatcatttgataggcgggcccatgggttcccagcaagtgttcggtggtggattaggctcctggcttgtgcatgaagagttaaa
439133,gccagtctcactgcgctaaataatcccttaccactacgatgtcgattcggaactacaagtatgctatttacggagctgatttaagggatagctactacga
448885,ctgatgcagatggattgcgataacggagcgcaatgtgcaatacgggccttcgggaaacggctcgtccgtttcccgaacgcggaacgcaaagaacatgaca
457975,caatgctcacaaggtgtgcgcaactgaatgcgaatttttaacagaagcctgaccgggcggccttgttgtcgccatgtcgtctagattagcagaggaggcc
490146,tgcagctatcataagacggctaaaaattaactgccccttacatccggatcgggactgtttccttatgccagaagtaagtgtttgcaagcgtgaaccgggt
494080,agcaccactgtgatggtagatgaagcacgctaagtatgtatttggacgaatggcttgacacgtcgattcgaggagtctttctgaactgtgtcgagcgcgc
501318,cgaccggcccgggtgtcatatggacggtttaccttcagccgagggtttgccccgtctcccttttacgataccaggatggacggataacgtctatatgatg
511231,gagtcatgcttgtggtaagcttagattggatgatggcatgggtgcaaattagcagagtgctatgccagtatattgctctctgaaccgctcctatttgtac
402317,atatttctgagataaattagtggatggctgacaggtagtgatctaaagatctgcatatgtatcacgctatgtgatgtttaactgcgtcgtaattctctagt
413913,cgaccgttagtagtaaggtcgccgattcgggcgatgtaggaggaggatacccgccacggcgaaactttcacgcgagcctaagacatgaaaatcggcctgaa
428278,tgtcatcattcctattcattggctccgcaggaagttgagttacattctgcctgcgactcttagtgcctgcgcgccttcaaaccccttacgacgagtgagcc
434158,cttgtgtgaatcgggcactcccgtctgccgcttcttgaggtaagaatcaggcgccatattggcctagcaactcttggcgactagggaattgtagcttggta
441788,gactaccctagcgagagaaaaagtgcagacagtagcccgcactatcgtcttccaagctacttcccactatcctctcctgcatacactgtttggcttagcac
444136,atattttccactgaacggtccagatcgacgatcggggtgtaacagttcatctttggtataccctctccggcgttagatatggtcgaaacgggaacggctag
461321,tatcgcttacgcaaacgcgatgcgccaggcgagaactagtcttgtaggagagctaaccaggaacaaaaaaggtagatggcatatgcgttaatacatcctca
469926,cggaccacggcccccgtcccccgcatgttcgacgagtggatagagttgagatccatccctttcctagcgtcattgttgcgatacgattgtagtgagcagct
489349,ccccttttaccaaatcgaagcttttgtgcgaatgtggtcttattgtacgtccgtctcacaggtgactcacactgtccgctctactgagaagcctcctatgc
496173,aaactacatgagtaacgtcttttcctgtccaaactctaaagggtcatccataggtatacgtaaatatcatcaggagccgttttagtcgtcagtccgcgctc
496274,ttaataccacgcgaatcatcgagggtctgatataccaagcgccgaccgtattttcggtcccctacctaaagtatatgattttgctgactccgaccgccacg
504988,ctcgagcaagcaaacatatttacttactccacatgagagcagctcgtaccagttagatgtcgggtaccgtcgacagtaggattacacacagcgtagtcgga
510865,agttatcgatgtagtaatcattaatgaagattagtagccttggtctcggcggtgcaccgggtacgatcttgacgactgtcgctttcacgagcaaaagctat
528753,agctagaagaacgaattgatcggcgaaagttcgtacacggtacagccaagggcggaaatgggatcagaggtttgctccagctgtgagctgttccggttgaa
529977,tgtgtatccgcaatgcacgaagtgaccactagcgactcactgttgcggccgggacgggtgagtctaccaggtgggagacaaaggtgaacaccgtaatgcga
596723,tcacaaacactttggaatctttttcttctttcaggctctgattagttaccgacgacggaactattagcctaaatagcacgaagaagaagcgtttattgtaa
350330,gctacgcgactattgtcgtgacttcagatatttctgagataaattagtggatggctgacaggtagtgatctaaagatctgcatatgtatcacgctatgtgat
383218,tctaaagatctgcatatgtatcacgctatgtgatgtttaactgcgtcgtaattctctagtgatccaattttgtggtcccagccgacatcagcttgaaacctg
413355,ttcgcatatgcgtacagctcaggttagctccaactagagtagcgcgataacgtcgagtactcggatagccaatggcgacggtgctgcttaccgtatccggaa
413537,actcgatcgattgaaactgtaccagccacgggtcaaggcagtcaacctaattgcaaggttgggtactgagctcagggggcagccgtgcgcgtggtggtttaa
437563,ggcagggaaaggactgtagcaataatgtcacgtcaatactatctgctgatatttgccaattgggcaggcggatacacatttgttataccgtgctaggccgtc
456666,tatgcggttgggttcataaatgtgaacggtcgtactcttgggccgtatcgagctctgtgaaatccgatatcactgggatactaggaccatggttcgctaggt
458986,ttgtaggtcacggagagcgtacagaaaccgacctaatcagctactggggcactcatgaagtctcactccactttcgtattgtgaaatggcggtctcacttag
471768,tgtatctagatccatgatagaattcccaacccgtctcgaattattaaattattgttttccctccttcaatcgagatagcacagtttgttgaaaggtaatagt
509394,acgttactgtttatgtatacgaccagccgaatgaataggccttttcagccttgaaatgaaaactattcgggggctgagtgcacgtctaaaacgaaacacaat
518345,acggacgggactttccacgtttagaccagtctacagctttattgactcaccacttgtacaatcgttgagtgagcacttacggagcctcttaaaagctccaca
528271,agattctccgtacattctaagatttagtaacaattacgatgcccatgtcaaatctccagttaacgtccggcttcatcttgaagcgctctacgaccctactgc
542619,gcccttgcaatacttcgagcttaacagtgacttgtcaccttgcacccacaaggggctcgactccgtacttggtacacagagttgacaggtagcacggggagc
558291,cgaggctttaagaattcttgaggctaacgagccactccaaaagtgggccactaggttgaagtcccgcattcggcccgaactttcacttcggccgaaaggata
597230,ccattagcgatggatttgctgcagtcaacgaccttgagccacaacggtatatattctcgattagccagctggatacgactaaatcgagatgtggagttccgg
377963,gccagtcagacatgccctaactcttgatggcattcctcggagatgcctagacggggagctgtgaccaagactcgcgcgcttacaatcattatgtgctgcgcag
385299,ggtagacaaaaagagagaagtatcatcgactctaagactatgagataacccccaaggagcatctggagagatgaaaattcgccagctgattacaacttcataa
422816,acggttcgtaactcgtccagccttgaacactgcttataccgcgtgggaatttggtctgcgatctttgggatcagcgctagagaaacgaatgcactgttgagca
433032,agaagcccgacatagacgagggactgagcggtgtttaggtagcttgtacagccattccaggccatagagtaataggacgcaaacaggatccccgtggtcgatg
457815,cctgggcattttatgtcccgtccctggacggatctttgcagaactattaagctacttgcaattgaatcagtttgtgcttggctctggactgacgtccctccca
477802,gtcaatgctcgtggccgtatgccgcgcttacctccactggaaaacctacccgtaaacctgattcgtagatggcccggttaccaatagaaggagcgttaccgaa
479700,tcaaaaccgtgttcatggcagctgcggtccgcagggcgagttgtctacggacgcgaccatacacctttgcgtgttctttggccctacgacgcgtcatttagac
492509,gaagcggggagcaacatgagaccgtacgaacctctgatgactcgcgtacctcacggaccttgccatattcgcgaaccgaagaagcttctactgataccactcg
493761,acaggcccatcctctcaaaaaaactacctgtttacgacgcagatcttaaacattatacgatcccgacaggctcttcgccaaccctacgtagtgaaaaatggaa
514160,cttgggccggaacaaaactgaacgacctattaacagcagagaaactctagagtccctggaccaaatgctcgggttagtagggtaccatgcgctggccatcttg
516992,aacacgctaccaattcgtgtaagctagggtacccccgggcgagctgcgctattcgattttcctctgcgcgaatccctagtctttagactagttcccttaagtg
517236,agcacgtaccaattcgcctagtggctcaacggattcgaactactactgccgaagcgatcagctcgacttatccgggttagagcgaagatcatggtattaggga
571211,cccgcacgagacggaacaacgtaccgcaccagagccgtaaactatcgcagttgaaccttggtagcgatgggatgggatcgatagaagaggatttagtgcgagt
424800,ataggcaggtatcccccgttaataaggtgcgtgtccgagttctgcgatcgcctgagagttgtcaggtatttccgcagcaaagcatatccaaatgaagagatttt
433747,acccttaagaggtcccaactgtcccggtcgtactcattattattcacaatctactcgatgtagcgcgggctgtttcatgccggcccactcacccgccacttcac
456425,taggaccgtgacctgtctgtcacggcctacatcggtattgcgcataatgggctactcatcccgctaaagtaggacccctcccattcattcatgaactttatctg
458363,ttacgacgcagatcttaaacattatacgatcccgacaggctcttcgccaaccctacgtagtgaaaaatggaatagtgggttagttagaaagtacgattctcgag
458581,agcagttaacccgcgcttataagtaatcaactcataatttctgttttgtgtctgcacacttgcacgcggctctacggccccgcgccccgtcgatttaccttatt
468450,ctatgcagagcggtaccagtgacctcatatcagggatcgttagatgaaatgagacagctcacaccaggactcatgacttcggtcttatgggctgtctggaggga
478747,agctcatcaaaagaggtctgaaatgcacactgtcgaatccgcgtactacttcgcctagcgtatggcggaactgcacgccttgacgtacatttctcgcctgcgct
489324,cacggtagaagccccggtataagcattgctgatgttaggtgctttgtctaatagacgttcgtgtcggcacgcggaaatgtataagaaattgggacgtcgtgtag
491284,ttcggagctgaaccagagctagatcttgaccaaccaacagacaggagtaggttactgaatgttaaaacctgtggatctgcggctcagtgacatctggagcgtta
512844,gtgcgtggaacgggtgcggttggtcgataaccctcacaacgccattgaatttgtgcacctgagtctagtttcaagacgtaaattccgctgcccaccggtgtgtt
521686,ccgtattcgcctgactagtgcttaagaccttcgtatcgacgattcaacccccgccgcttcttcgtcatggcttgcgttcgtacccgggatgctttttagcaact
526886,ccgcatagccgaggggaccgagtgcgtaacggaggcttcccccatggtgctgctggaagcttcatccttgggcgttgagatcatgtctagtaatggattgtgcg
537593,tggaacactcgattggccaggccatcagcctacatagtaagaagtcgactactgaacgcacacagcgaagttgacgaggcccacaacccaccgcaagggagcca
550241,agtcaccagctcaaacctggtcaattgaaccatcatcttaacgataaccgaacctgttatcaatacggctggaaagttacggttggctttagtgttatatcatt
573131,cgggctctatcgcggcaggggttaaggcgagctatgttcgatgacgggaaatctgattacactcaaacgggccgaatggttagtcgggatcgagtaaccacgag
587071,ttaggggcaaatgagttgccttgcggctcgaaatcatttttgacatgccatccacataaaaattcgaacgtcaattaagagcaaaattgcggggtacgattcct
622226,ggaccagcagctaataattgattttcgctgtccagtaccctacattttcgcgaccgcgacattcgtgttgcggctctcaccggctcacactgcacggcgtgcag
406923,gattcacccgttctggataatttgcctccctatgtgtcaagccggcctcgagctgggccatgttgtaaggcagcctattctgatctggtgcagccaggcgcgttt
433832,tgcaactacctaggcgggaaacgatcacgcacacctttttacaaggtgaggacgctatctccggatatagtactgtgagcgcaattattggataccccgggatca
437392,agccattcgcccgtcaaactgattaatccaaccccccacttccaggggaggagcgattggccatctccctactcaattggcgtacgagtggagagagagtagctt
477913,gcgaggatgaatgcctattctctgagtctacccatcaacaaaggccacatgttgtttaccaataagggacggtccgttagcgacattactttcttcatctatgcc
484286,tcccggggattttcacccttgagtgcaaccatcggttatagataaccccctcctggcgaagtcgcgtcgtctggcggtattatgtattccgtttatgttaattag
489176,tataactatagatccataagttatagctttaagaagactctgatgatcttatcatgtatcgcgattcctcatgcaaggtcgcacggtgatttacggcgcaatcta
493076,ccttaggtgtcgactgcttggttcactaattttatttgctacatggtacaaagggcggcgcaacacttggtaatggtcacgagaacaggtggcggttccatattg
540063,tcaataatgtagggtagaatcactgactcgtcggttatacccgcaggctacagtcaatggattggttatatatgaggggccctactacaatgtcagagcccgaga
554049,acggtgtgatgtatcgctttgccgcactggtcacggcgcccttgttttcaatcactaaaggcacgttttacttcgattgaactaaagtatgcaacctgcgcagtg
555792,gacttcctaaacatgctccatcaaacgtagtgtcgattgctaggcagcaaccttagtaagtatgctttatttaagagcctctaaaaagctacagctaggattatc
566362,tattgaaattcacctgtttaagacacgccctcatgaggcgccccatcccctaaaggcacccatatttcagcattggtcatccgagattcgagcttggaccaaata
585933,gttacctgacggatgtaactcgtagcgtccgtgggctctgcctatgcaacttgaatattcattccgcggatgaataagtactcgacgacctccgagaacgcccaa
383444,cgattgcaacgaaatacgggtgtcctcggtatagagcactttcgacgccgaggtctttagcagaaatctcagcgcgtcgagcgcgttctatagagtagcttgtcct
407437,gccggaagctttgtgtcgcgctgaaacctatcatatgttctatgagggaccccgataaattcgtggatcagttcggattaggatgacggacgcttgttgcccgcag
432827,tcttaggaggagcgatgatggaagtggatggccagaacatccttcggctcggtatggagcaagcactagaggtcgcaagcacacaaggatttaaaaggtactactc
437304,cgctgtggtagttcgaacgttgggcgactttgggtctccccggcgttgtataggctgctagaaactcagcgcgttggatattagttacgcccctaacttttcgttc
462483,caggaaggtgttggtatgggtcactggagatactcgataatttggatcatacgccccggacctcccactgtagcgccgctgcgatttttcagacgctatgcttccg
464565,tcttccaaactttaaaggtgtccgactggtgcagtaaagaaagacggcaatagtccggtgagtcccccacggttaagcaggactggtctggagaacgtatggagtt
478870,ggccttctatgtcatgaacggcgtccacttgttacttagcgggagcggatatggagggatggactgcggaggacacctattctgttgtagcctgagtgaggttctg
486591,cttattattggtgtaaaaaaggttgatagttcgcagcctcgctgtcatgtatctggtgaacccttatgaacattaatgggtttgggatgggtaaccttataagcga
488797,cggttaccggctataaccaaccggcctgaccgcctctggaattatgctgtcttagacggcctggcactaacatgctaagggcggaactccatttactgccaagctt
493666,ggcgctgctgaagattaccccgactactgacttatatcttacccagcccagtaaagaggccatactcttcaattacggcagcggtcacttagacatatgccacacc
494262,ggatctacgacggcgtcttggggatccaacattcacgcaacgttcatggcacactgttatctgtgatttataacctggtccggaccgcactattacaggcttcaac
509741,cgaccggtgtaaacatccagtatcgattgcctggccggtgtgtgctccccaaagtagtattgcgatctcaaactctccttgcctcctgacggtgtccctcatctct
518724,gtgagcaacggctcccgctcctgactcagtaacagtaaatgatcctgcggccacgtagggtccaaagcttatgtgttggtggtacacgcgactacgtgatttattg
520581,tcaagaagaccaccatacttgatttggatcgctgtacccacacggccgcttattttcatatttcctaagactggcgtattggtagacggaactgacacgtcctgcg
525007,ccgtgccaggatggcaattaggcagccctccacggaattgcgtccttggatcagacagcatgatacaattaacggatgcgatcgcccgatcacaattgttctagtg
568913,cttacgatacgacggtatttactagtcacgtcgactgtcgcaccctgaacgattcctataagcgacatccgtgcaggttgggagagcccgcacaattcccggctgg
570916,ataacggctttcttacctctcaaggggcttgaggctgggatcttccaacggcgtgcactagcgagcctctcgtgtctccagtccgtattcatccgctagctatggt
418107,aacggggtcgacgatcgaacacagaacgggctgggctaccctcttggcacgagaagccaacgttgctgttagcgaactcgcacatggcgcggcgatcccatcgcgct
428037,gggtaacgttgtccagggctgggaatcttcccggattgactctaggcaaaggttactgctggctgctgtagtcgggcggttgatcctgggcaatcggagtatcacat
441590,tcatgacacacctgtggatcataggccgcagatacaagccggggggctatacatctgtaggattccgaatgcgtatatcgttcgggttagagaagattccgggtaaa
443760,ttcaagcgggtacggtcagttcgtcgtgaatttactcttcttgtttctaaaaacgggtcttacagcatttaggtcacacttacgcggtatatcaccgtccgtcgtcc
468141,gggtgcccgttcctttcaagatactgatacaggatcccgactgatgtagccaagaagcataatatgtatctgcaatgatgggcttctgagttagtttgcgacggact
491946,atgatactgggaaggttagagtctacgcctggaacaggagggtgcgaaaaacaaatcatcgagcacaaagtcgaggacataaccctagttcgataccgcgggcatcc
496035,tccacatttccaccatcgagttaaaaagccttatgggtagccactgcgagatcgtacaatagtagtacctccgttgggtgtgtgacggccacagcgctcctaagtgt
507283,tcgtttattcgtttagtatggagaatactaaaatgttagtactatcccggcggaattatgatttgtctagttaatttattgccattcggtgactgcgtcgttgatgg
561530,cagtgagtgggttgaaactagaccgggatgggacggatcgatgtcagctatacaatggtgttatccacggtctccccatcctataagggattcctagcaaacggaca
571633,cggaaagtaacttaccgatagtgccgtccctcctgctcgcattggcgcttagtaagaataactcggggccctctactctatccgtcatttgcagttgagcccagctg
406829,cagcgctcctaagtgtgaagtcatttctacaataataggtaacggatgtaagctgggtcaacacacataccactgtaaagtagtaaatgtcatacccgtaactttctt
412402,ccctgccggttccccgcggcttaattaaaggttcagatcacttatagagcctcggaggcttactctgatcgtgttaacaatgaaactattgtctcgtctgatgtgctt
417100,gacaatggcgggacggagtagactaatagaaaatcacgcagtgagtaacagcgctacgttataggttagagccacggtttcaacggcataagcgacgctctaggccac
427173,aactccgtggctggcggatcaattcatgtggaccgatccgcagaatgtcgcgatgctagagtcaggcgtttatctcatactaatcaccgtaccacctttgagcagacc
427283,ttgtacccgcgaagaccgtgtctcatagggactacaactccgagggtcatctttgagatcacacgactcacacggagtgtctcgtcaggcgaagcgactccggtggat
456028,gatagagtttagacatccttacaccacgtaacggacggtccttttgaaccggcaatatagcttaactagttgagtagacgcttagcgccggtggtattaggtgtagtg
468874,gtagtggacgagtatgccacacaggtgttaacagcacttgggaactcgtgcaactaactttcggttagcggtgcaagaatgaagcgatagaaagagaaattttcattc
479537,gtgatgactagagttctagtgctctgttaaaaattcctcatgagcctctctgcttttggacaatcagctggtattaggatgttctttatcgttaccaacttcaccgga
489110,gcatcaatccacacgggagtgttctctctcggagttcagctgccgccgcatccctactaactcgaaacggtgattagccccggcgatcctcgggctcgtaacaccgct
536800,gtgagtggtatcggcgtccaaaaagcgccataaagcttatgctagtacgagagccgtccattgcgttgcggaggaaacccccgtcaaaacatttggtagatagattac
579644,cattctccccgtcgatttcgtgaggtcgagtgatcgacgctgggtccagcgttccgaacgaactgcagatgtcaattttacgcatcctataccaaattagtgactcgg
409650,tataccaagttcttgaatacccgtaagaactgtctaacgtataagtaaatccatcctacacacgctacgaccgctggttgtcagtatagtttttgtgggaaatcagcta
431180,aggcccacaacccaccgcaagggagccatggctggcttgaagatcaatccagcgacaaacaggcaagaaactccgggctagttagggcccgattcatatgacctcagta
436563,cattcgtcttacgtttaaatgtggtgggtcagttgtggtggctatcggtggataaaacctgacactcaccgattccaaacggagcacaactgactgagcccatctggcc
455614,gacccccgtgttccaaaatataattgctctatcgccctcttttcgcgcgttgtcacaccaatgcatgatcgatactatgtgattgcctatttactgggtcagccggctt
464871,gccaggttatgtaatcatttcccaaccgtgagagtaggcagtcatctgcagagcggggtaaacggacagaaccttgcttgcgccttcgcggcatcatttataaaggggc
477100,tacggtcacggacgagtcagccgcgttaaccacaatgaagaaattgtatggctgctttcctgcaactcctgggaccagttccccccttcgggttcagttcaacacacgc
483671,ggacttccaccgtggacttggtgcccatttataaaaactattctgacaatatcctacgttatgccccgcctgggcctaagggtttggtgtcaaacagttgtctataatt
492900,agttggatcgggaatgtcttaacgaattctggcttccccgtaggcttcttaagtaggagactatcataacaggacctgtgcaggagcaacattcttaacgtgcgccagg
499467,gatggtctgagcaatgagcttatgcaagttcaccgattaccagcacgatcttgcaagatacctataaacgcgccgcgtgacggccaagtatacctgactttacgggggt
508049,aagttcaacactttgacactcagccacttgtggacaggagtctggtcgcgtgaccttaaacttggcaggcggggaagtcctacgcattctcccttgatagagcacgaga
508697,ctagtgtagtacaggcctgtgccaaaactccgataatcccccatctgtcggtagccgtcgtcactataggacttccgaggttgccgagggagtccgatcgggtcaattt
526483,ggacataaaaggatacatggtaacagtacatggtttcatcattaaaacctcttggatgttattctatcctgtaacccatcattcagaactgatggaccgagggttagac
532598,tgcaaagttagaggctgccatggaagacctctgcaagtctacccctcagcgctaattctagacacacaggtattgatggtgcgcagcacatcttgacggtgaggcgtaa
555067,ttaagatagaccttctacggatgctgtcttcagtcccactctcgctgaagcacgttatgtttgcctcgcatggagaccctagacggtcacgtggccactggaccgcatc
557287,cccactagcgttcccacgagggtgctcaaaatactgtaggttcagttaaacgcgaatataagataacggcgctgcctaaggtgcgtcctgactaccaatcgattcgatg
580426,agtctgcctcttttactagccctacagaactagacagctagtatcaaacttgataccttaggtaggtcatgagcactggccccgtatgcttcgcgttgggccgacagtc
378801,ggtgaattccggtgtcgctggattcctgaccatggaactgaagcaacgcttgtagctgcatgtagtaaaatctctatgcatcgaaactcgagagataactaagagccaat
450950,gggccaggtcataggccttggtgaatcaaaactcctagagttgatttgtcggaaaggccttcccattggagcaggaaggttcctccctatggaacctacgcgggtgtttt
453194,tgatagagcacgagagactacatcggtgcgtattagcagcgcaagttggccccttattctagcctatgttttcctgtatgccgttatcgtatgccgggatgatggtttta
477343,tcggtaaccttccgtaagtagtgattcagaccgtattctgagcgcttttattttcgttactccgatcgggattcgacgctcaaggggatacgctaatgtctgtagccttg
478165,aactgcccgattcgttgcagcatagatctgacctacagttcccaatcagaacacatcctaaatagatttccggccggagtcaaaaagtcgcaagccggccgtccactggc
482726,gtgcaccatcgggccgaagtctcggcccttcgctcaaccgcgtcccccaaatgatggttgacaaaaattctgcattatcaactaaataagagtatgtacttttaacgagc
489622,atcccgtagggacgggggtcgtggaaggaccatgtaaggaaatgccaggatgatctagggtaatgacaagtcatgtttctcacatcatcctgcgcgactgtgaccttttg
493130,ctgtctgactcagtgggttcgagggcacgacgagagtagggactttctgattacacccatggtcttaaaaatcccttaacctattgctgatgaagccgcagtcaccctct
496083,cccccagtctgctgtctacgacgccttttcctaaccataatggaagacatacgcacctgcgatgaaccgttaaataacctgctccgggcaagggatgtcggataaagact
516287,tctgtcatatcgggcggctttccgttgtcgtagcactagcctaaggtcgtggacgcatcgcccgtaagatcagcccggaaagcgatcgtcgtaggaaaataacctcaata
531323,ttctctgtacgctcccggtcggaccagctgacgattttgcgagcatcctagagcgaggcgaaagtacaatatcccattgttagagcgaactagcatatcagaataaactg
570693,tagttcgaataaggcacatcaattacaatattagcaatatcagggtgaaacaagatcatcgccatgcgagaatttaatacccattcaagcactgtgatccaacacctcga
430423,gcggtgggatgtcgcgcgcctagtctattggcccaccatgctagaagggcaaccgtctgatcgggcctgctcgacctcatcaagccagataaagaaactgatgggggatat
